QueryID,Query,AgentAssigned,PlanningIndex,ReasoningRelevancy,RoutingSelectionAccuracy,ToolCorrectness,DetailedNotes,expected_routing,expected_tools,strategic_plan_elements,reasoning_checkpoints,expected_answer
Q001,What role does breathing play in both athletic performance and meditation? Can you create a structured exercise plan that combines both aspects?,Science Teacher + Yoga Teacher,0.95,0.94,0.98,0.93,"Query effectively split between Science Teacher (for physiological aspects of breathing in athletics) and Yoga Teacher (for meditative breathing techniques). Supervisor created clear task delegation with specific expected outputs. Response integrated both physiological mechanisms (oxygen intake, CO2 removal, energy production) and mindfulness aspects into a comprehensive 5-part exercise plan with specific breathing instructions for each phase.",Science Teacher + Yoga Teacher,"fetch_science_materials, fetch_yoga_resources","1. Identify physiological breathing mechanisms in athletic performance, 2. Catalog meditative breathing techniques, 3. Find intersection points between athletic and meditative breathing, 4. Design progressive exercise structure, 5. Create integrated plan with specific instructions for each phase","1. Verify scientific accuracy of oxygen/CO2 exchange descriptions, 2. Ensure breathing techniques match established practices, 3. Confirm exercises appropriately integrate both athletic and meditative aspects, 4. Validate progression difficulty is appropriate","A detailed response explaining how breathing affects athletic performance (oxygen delivery, energy production, lactic acid removal) and meditation (nervous system regulation, focus enhancement), followed by a structured 5-part exercise plan that progressively integrates both athletic and meditative breathing techniques with specific instructions for each phase."
Q002,Calculate the derivative of x^2 + 3x + 2.,Mathematics Teacher,1,0.97,1,1,"Simple mathematical query correctly routed to Mathematics Teacher. Clear polynomial differentiation task requiring step-by-step application of derivative rules. Response included conceptual explanation, formula application, and verification steps.",Mathematics Teacher,CalculatorTools,"1. Identify polynomial function structure, 2. Apply power rule and constant multiple rule, 3. Combine terms, 4. Verify result","1. Verify correct identification of function type, 2. Confirm appropriate derivative rules applied, 3. Check for arithmetic errors, 4. Validate final answer","Step-by-step derivative calculation: 1. Identify x^2 + 3x + 2 as a polynomial, 2. Apply the power rule: d/dx(x^2) = 2x, 3. Apply the constant multiple rule: d/dx(3x) = 3, 4. Apply the constant rule: d/dx(2) = 0, 5. Combine terms: 2x + 3 + 0 = 2x + 3."
Q003,Analyze the theme of power in George Orwell's '1984'.,English Teacher,0.92,0.95,1,0.9,"Literary analysis query appropriately assigned to English Teacher. Analysis framework included identifying power manifestations (surveillance, language control, historical revisionism), character relationships to power structures, and symbolic representations. Tools used to reference literary criticism resources.",English Teacher,fetch_english_resources,"1. Identify key manifestations of power in the novel, 2. Analyze government control mechanisms, 3. Examine language manipulation through Newspeak, 4. Explore surveillance themes via telescreens/Thought Police, 5. Connect character experiences to power dynamics, 6. Synthesize analysis with critical perspectives","1. Verify accurate representation of novel's content, 2. Ensure thematic analysis is supported by textual evidence, 3. Confirm inclusion of key power manifestations (surveillance, language, history control), 4. Validate connections to broader political theory","A comprehensive analysis of power in '1984' examining: 1. Institutional power through Party structure and Big Brother, 2. Surveillance mechanisms (telescreens, Thought Police), 3. Language control through Newspeak and doublethink, 4. Historical revisionism as power maintenance, 5. Character relationships to power (Winston's resistance, O'Brien's embodiment of power), supported by textual evidence and critical perspectives."
Q004,Explain Newton's three laws of motion with examples.,Science Teacher,0.96,0.98,1,0.95,"Physics-focused query correctly routed to Science Teacher. Response structured around each law with clear definitions, mathematical representations, and real-world examples. Included common misconceptions and experimental demonstrations for each law.",Science Teacher,fetch_science_materials,"1. Define each law precisely with historical context, 2. Provide mathematical representation for each law, 3. Create everyday examples for each law, 4. Address common misconceptions, 5. Suggest simple demonstrations","1. Verify accuracy of law definitions, 2. Ensure mathematical representations are correct, 3. Confirm examples are accessible and accurate, 4. Validate misconceptions are properly addressed","A clear explanation of Newton's three laws: 1. First Law (Inertia): Objects remain at rest or constant velocity unless acted upon by force (example: seat belts in sudden stops), 2. Second Law (F=ma): Force equals mass times acceleration (example: pushing shopping carts of different weights), 3. Third Law (Action-Reaction): For every action there's an equal and opposite reaction (example: rocket propulsion). Each with mathematical formulation, common misconceptions, and simple demonstration ideas."
Q005,Describe the process of cellular respiration.,Biology Teacher,0.97,0.96,1,0.92,"Core biology concept correctly assigned to Biology Teacher. Detailed breakdown of glycolysis, Krebs cycle, and electron transport chain with ATP yield calculations. Visual aids referenced through appropriate tool usage for metabolic pathway representation.",Biology Teacher,fetch_biology_content,"1. Outline overall process and purpose, 2. Detail glycolysis steps and ATP yield, 3. Explain transition to Krebs cycle, 4. Describe Krebs cycle reactions and products, 5. Explain electron transport chain function, 6. Calculate total ATP production, 7. Connect to cellular energy utilization","1. Verify accurate representation of each pathway, 2. Ensure correct ATP yield calculations, 3. Confirm correct location of each process in cell, 4. Validate overall energy transformation accuracy","A comprehensive explanation of cellular respiration including: 1. Overview of glucose to ATP conversion, 2. Glycolysis in cytoplasm (2 ATP net gain), 3. Pyruvate processing and acetyl-CoA formation, 4. Krebs cycle in mitochondrial matrix (produces NADH, FADH2), 5. Electron transport chain in inner mitochondrial membrane (produces 32-34 ATP), 6. Total yield of 36-38 ATP per glucose molecule. Includes subcellular locations and key enzymes for each stage."
Q006,How did the Industrial Revolution impact society?,Social Studies Teacher,0.93,0.94,1,0.88,"Historical analysis query assigned to Social Studies Teacher. Response provided multi-perspective analysis covering economic transformation, social class restructuring, technological innovations, and environmental impacts. Primary source references obtained through appropriate tool calls.",Social Studies Teacher,fetch_social_studies_resources,"1. Define Industrial Revolution timeframe and key technological developments, 2. Analyze economic system transformation, 3. Examine social class restructuring, 4. Explore urbanization effects, 5. Assess environmental impacts, 6. Evaluate political consequences, 7. Consider varied perspectives on societal changes","1. Verify historical accuracy of key developments, 2. Ensure balanced presentation of benefits and challenges, 3. Confirm inclusion of multiple perspectives, 4. Validate connections between technological changes and social outcomes","A multi-faceted analysis of Industrial Revolution impacts including: 1. Economic transformation (factory system, capitalism growth, wealth concentration), 2. Social restructuring (working class formation, middle class expansion, changing family structures), 3. Urbanization challenges (housing, sanitation, social services), 4. Technological innovations and their consequences, 5. Environmental degradation (pollution, resource extraction), 6. Political responses (labor movements, regulatory development). Includes perspectives from both beneficiaries and those negatively affected."
Q007,Guide me through a proper Sun Salutation sequence.,Yoga Teacher,0.98,0.99,1,0.97,"Practice-focused yoga query assigned to Yoga Teacher. Detailed step-by-step breakdown of Sun Salutation poses with alignment cues, breathing instructions, and modifications for different experience levels. Tool usage for referencing traditional sequence variations.",Yoga Teacher,fetch_yoga_resources,"1. Introduce purpose and benefits of Sun Salutation, 2. Outline traditional sequence structure, 3. Provide detailed instructions for each posture, 4. Include specific breathing cues for each movement, 5. Offer modifications for different experience levels, 6. Suggest practice frequency and progression","1. Verify posture sequence accuracy, 2. Ensure alignment cues prioritize safety, 3. Confirm breathing instructions complement movement, 4. Validate modifications address common limitations","A detailed Sun Salutation guide including: 1. Introduction to Surya Namaskar purpose and benefits, 2. Step-by-step instructions for all 12 positions with precise alignment cues, 3. Synchronized breathing instructions for each transition, 4. Common alignment errors to avoid, 5. Modifications for beginners, intermediate, and advanced practitioners, 6. Practice recommendations for integration into daily routine."
Q008,Calculate the exponential growth rate of bacteria in a lab culture.,Biology Teacher + Mathematics Teacher,0.89,0.92,0.95,0.91,"Cross-disciplinary query correctly identified as requiring both biology (bacterial growth principles) and mathematics (exponential functions, rate calculations). Planning included sequential consultation - biology context first, then mathematical modeling. Tool usage for calculator operations and formula verification.",Biology Teacher + Mathematics Teacher,"fetch_biology_content, CalculatorTools","1. Establish biological context of bacterial reproduction, 2. Define exponential growth model parameters, 3. Identify appropriate mathematical formula, 4. Explain calculation procedure, 5. Demonstrate with sample data, 6. Interpret biological meaning of results","1. Verify biological accuracy of growth parameters, 2. Ensure mathematical model matches biological reality, 3. Confirm calculation procedure is correct, 4. Validate interpretation connects math to biology","An explanation combining: 1. Biological context of binary fission and generation time, 2. Mathematical formulation of exponential growth (N=N0e^(kt) or N=N02^(t/g)), 3. Step-by-step calculation process using either doubling time or growth constant k, 4. Sample calculation with hypothetical data, 5. Interpretation of how environmental factors affect growth parameters, 6. Methods for experimental determination of growth rates."
Q009,How did ancient civilizations use astronomy for navigation?,Science Teacher + Social Studies Teacher,0.9,0.91,0.94,0.87,"Interdisciplinary query split between Science Teacher (astronomical principles, celestial mechanics) and Social Studies Teacher (historical context, cultural practices). Response successfully integrated scientific principles with historical applications across multiple civilizations.",Science Teacher + Social Studies Teacher,"fetch_science_materials, fetch_social_studies_resources","1. Explain key astronomical principles relevant to navigation, 2. Identify celestial bodies used for navigation, 3. Compare navigational techniques across civilizations, 4. Detail instrument development, 5. Connect astronomical knowledge to cultural significance, 6. Trace knowledge transmission between civilizations","1. Verify astronomical principles are accurately presented, 2. Ensure historical techniques are accurately attributed, 3. Confirm technological developments are placed in correct timeline, 4. Validate cultural contexts are respectfully represented","An integrated explanation covering: 1. Astronomical principles (celestial poles, apparent daily motion, seasonal changes), 2. Navigational techniques from multiple civilizations (Polynesian star paths, Greek/Roman use of Polaris, Chinese stellar measurements, Egyptian meridian alignments), 3. Instrument development (astrolabe, kamal, nocturnal, cross-staff), 4. Cultural integration of astronomical knowledge, 5. Knowledge preservation and transmission between civilizations."
Q010,Write a scientific report on a recent space discovery.,Science Teacher + English Teacher,0.86,0.88,0.92,0.85,"Complex query requiring both scientific content knowledge and formal report writing structure. Planning sequenced Science Teacher input first (content generation) followed by English Teacher input (report formatting, technical writing conventions). Some minor overlap in responsibilities.",Science Teacher + English Teacher,"fetch_science_materials, fetch_english_resources","1. Select appropriate recent discovery within knowledge cutoff, 2. Research discovery details and significance, 3. Determine appropriate report structure, 4. Draft technical content with accurate terminology, 5. Format according to scientific report conventions, 6. Review for scientific accuracy and writing clarity","1. Verify scientific accuracy of discovery details, 2. Ensure report structure follows scientific conventions, 3. Confirm technical terminology is used appropriately, 4. Validate writing clarity for intended audience","A formal scientific report on a space discovery (within knowledge cutoff) that includes: Abstract, Introduction with background context, Methodology section detailing discovery techniques, Results presenting key findings, Discussion examining implications, Conclusion summarizing significance, and References. Content combines accurate astronomical details with proper scientific writing conventions, clear technical terminology, and appropriate visual references."
Q011,Explain the physiological effects of deep breathing exercises.,Yoga Teacher + Biology Teacher,0.93,0.94,0.96,0.9,"Well-routed query recognizing intersection of yogic practice and physiological mechanisms. Yoga Teacher provided technique descriptions while Biology Teacher explained nervous system responses, gas exchange processes, and stress hormone regulation. Integrated response maintained consistency across disciplinary boundaries.",Yoga Teacher + Biology Teacher,"fetch_yoga_resources, fetch_biology_content","1. Define deep breathing techniques and variations, 2. Explain respiratory system mechanics during deep breathing, 3. Detail autonomic nervous system responses, 4. Analyze hormone regulation effects, 5. Connect physiological mechanisms to observed benefits, 6. Relate traditional knowledge to scientific findings","1. Verify technique descriptions match established practices, 2. Ensure physiological mechanisms are accurately described, 3. Confirm neurological effects are correctly attributed, 4. Validate connections between mechanisms and benefits","An integrated explanation covering: 1. Respiratory mechanics of deep breathing (diaphragmatic engagement, lung capacity utilization), 2. Autonomic nervous system effects (parasympathetic activation, vagus nerve stimulation), 3. Hormonal impacts (cortisol reduction, endorphin release), 4. Gas exchange optimization (improved oxygen/carbon dioxide balance), 5. Neurological effects (brain wave alteration, attention regulation), 6. Connections between traditional yogic understandings and modern physiological research, with specific breathing technique examples."
Q012,How does the water cycle relate to global weather patterns and can you calculate the average rainfall in different climate zones?,Science Teacher + Mathematics Teacher,0.91,0.89,0.97,0.93,Multi-part query correctly identified as requiring both meteorological explanations and statistical calculations. Science Teacher provided water cycle mechanisms and climate zone characteristics while Mathematics Teacher handled precipitation data analysis and comparative calculations.,Science Teacher + Mathematics Teacher,"fetch_science_materials, CalculatorTools","1. Explain water cycle components and processes, 2. Connect water cycle to atmospheric circulation patterns, 3. Define major climate zones and characteristics, 4. Outline statistical methods for rainfall calculation, 5. Calculate typical rainfall values by climate zone, 6. Analyze spatial and temporal rainfall distribution patterns","1. Verify water cycle mechanisms are accurately described, 2. Ensure climate zone classifications are consistent with standards, 3. Confirm statistical methods are appropriate for rainfall data, 4. Validate calculations reflect current climatological data","A comprehensive response with: 1. Water cycle explanation (evaporation, condensation, precipitation, collection) with energy transfer principles, 2. Connections to global circulation patterns (Hadley cells, trade winds, jet streams), 3. Climate zone definitions using Köppen classification, 4. Statistical methods for calculating average rainfall, 5. Calculated average precipitation values for major climate zones (tropical, temperate, continental, etc.), 6. Analysis of factors affecting rainfall distribution within and between zones."
Q013,Can you analyze the symbolism in Shakespeare's 'Macbeth' and explain how it reflects the mathematical concept of exponential growth in terms of consequences?,English Teacher + Mathematics Teacher,0.84,0.86,0.88,0.82,"Highly interdisciplinary query requiring literary analysis and mathematical concept application. Planning identified primary text analysis first, followed by mathematical modeling of literary themes. Some challenges in integrating abstract mathematical concepts with literary interpretation, but creative connections established.",English Teacher + Mathematics Teacher,fetch_english_resources,"1. Identify key symbols in Macbeth (blood, darkness, unnatural events), 2. Analyze symbolic progression throughout play, 3. Define exponential growth mathematical principles, 4. Map symbolic progression to exponential patterns, 5. Demonstrate acceleration of consequences in plot, 6. Connect mathematical metaphor to Shakespeare's moral framework","1. Verify accurate representation of play's symbols and themes, 2. Ensure mathematical concepts are correctly defined, 3. Confirm mappings between literary and mathematical domains are justified, 4. Validate interpretive connections serve meaningful analysis","An innovative analysis connecting: 1. Key Macbeth symbols (blood imagery progression, hallucinations, nature disruption), 2. Mathematical definition of exponential growth with visual representations, 3. Mapping of Macbeth's actions to exponential consequence patterns (one murder leads to increasingly rapid subsequent murders), 4. Analysis of how Shakespeare uses acceleration of events to convey moral deterioration, 5. Discussion of how small initial actions create rapidly compounding effects throughout the play, similar to mathematical exponential functions."
Q014,How did ancient civilizations use mathematics and astronomy to create calendars? Can you explain the calculations behind these systems?,Social Studies Teacher + Mathematics Teacher + Science Teacher,0.87,0.85,0.9,0.89,"Complex three-discipline query requiring historical context, astronomical principles, and mathematical calculations. Planning established clear sequence: historical background first, astronomical observations second, mathematical modeling third. Response successfully integrated all three perspectives with appropriate attribution.",Social Studies Teacher + Mathematics Teacher + Science Teacher,"fetch_social_studies_resources, fetch_science_materials","1. Identify key calendar systems across civilizations, 2. Outline astronomical cycles used (lunar, solar, stellar), 3. Explain mathematical calculations for period determination, 4. Detail intercalation methods for calendar corrections, 5. Compare computational approaches across cultures, 6. Connect calendrical systems to cultural/agricultural needs","1. Verify historical accuracy of calendar development, 2. Ensure astronomical cycles are correctly described, 3. Confirm mathematical calculations reflect actual methods used, 4. Validate connections between calendars and cultural contexts","A comprehensive analysis covering: 1. Major calendar systems (Babylonian, Egyptian, Mayan, Chinese, Roman), 2. Astronomical observations used (solstices, equinoxes, lunar phases, planetary movements), 3. Mathematical calculations for determining periods (lunar month, solar year, planetary cycles), 4. Intercalation methods for reconciling different cycles, 5. Advanced mathematical techniques (Mayan vigesimal system, Chinese remainder theorem applications), 6. Cultural and agricultural contexts that shaped calendar development and use."
Q015,"Can you explain how stress affects both mental and physical health, and provide strategies for stress management using both scientific and yogic perspectives?",Biology Teacher + Yoga Teacher,0.94,0.93,0.95,0.91,"Health-focused query correctly assigned to both biology (physiological stress responses) and yoga (mindfulness-based interventions) experts. Response integrated neurological, endocrine, and immune system effects with complementary breathing techniques, meditation practices, and movement therapies.",Biology Teacher + Yoga Teacher,"fetch_biology_content, fetch_yoga_resources","1. Define stress and activation pathways, 2. Detail physiological stress response mechanisms, 3. Explain mental health impacts, 4. Outline physical health consequences, 5. Present scientific stress management approaches, 6. Describe yogic stress reduction techniques, 7. Integrate perspectives into comprehensive management strategy","1. Verify accuracy of physiological mechanisms, 2. Ensure yogic techniques are correctly described, 3. Confirm scientific evidence for intervention efficacy, 4. Validate integration creates practical, accessible strategies","A comprehensive explanation covering: 1. Stress definition and activation pathways (HPA axis, sympathetic nervous system), 2. Mental health impacts (anxiety, depression, cognitive effects), 3. Physical consequences (cardiovascular, immune, digestive, musculoskeletal), 4. Scientific stress management approaches (cognitive-behavioral techniques, exercise, social support), 5. Yogic stress reduction methods (pranayama techniques, meditation practices, yogic movement), 6. Integrated strategy combining both perspectives with practical implementation guidance."
Q016,How do plants adapt to different environments? Can you calculate the energy efficiency of different photosynthetic adaptations?,Biology Teacher + Mathematics Teacher,0.92,0.9,0.96,0.88,"Ecological question with quantitative component appropriately split between Biology Teacher (plant adaptations, physiological mechanisms) and Mathematics Teacher (efficiency calculations, comparative modeling). Some complexity in standardizing measurement units across different adaptive strategies.",Biology Teacher + Mathematics Teacher,"fetch_biology_content, CalculatorTools","1. Categorize major environmental challenges for plants, 2. Detail morphological and physiological adaptations, 3. Explain photosynthetic pathway variations (C3, C4, CAM), 4. Define energy efficiency in photosynthetic context, 5. Calculate efficiency metrics for each pathway, 6. Compare quantitative advantages under different conditions, 7. Connect efficiency calculations to ecological distribution","1. Verify botanical accuracy of adaptation descriptions, 2. Ensure mathematical models reflect actual physiological processes, 3. Confirm efficiency calculations use appropriate parameters, 4. Validate ecological conclusions match scientific consensus","A detailed response covering: 1. Major plant adaptations to environmental challenges (water, light, temperature, nutrient availability), 2. Photosynthetic pathway variations (C3, C4, CAM) with molecular and anatomical details, 3. Mathematical formulation of photosynthetic efficiency (energy captured/energy input), 4. Detailed calculations comparing energy efficiency metrics across pathways under different conditions, 5. Analysis of how efficiency differences explain ecological distribution patterns, 6. Quantitative comparison of water-use efficiency, carbon fixation rates, and energy investments across adaptations."
Q017,What is the relationship between language development and mathematical reasoning in early human societies?,English Teacher + Mathematics Teacher + Social Studies Teacher,0.83,0.82,0.85,0.8,"Highly complex interdisciplinary query requiring coordination among three specialists. Planning included clear demarcation of evolutionary linguistics (English), abstract reasoning development (Mathematics), and anthropological context (Social Studies). Some challenges in synthesizing disparate disciplinary perspectives into coherent narrative.",English Teacher + Mathematics Teacher + Social Studies Teacher,"CalculatorTools, fetch_social_studies_resources","1. Trace language development milestones in early humans, 2. Identify origins of numerical concepts, 3. Analyze linguistic structures for quantity representation, 4. Connect symbolic language to abstract reasoning, 5. Examine archaeological evidence for early mathematical thinking, 6. Explore cognitive co-development theories, 7. Synthesize evolutionary timeline integrating both domains","1. Verify linguistic theories are accurately represented, 2. Ensure mathematical concept development is correctly sequenced, 3. Confirm anthropological evidence is appropriately cited, 4. Validate evolutionary timeline consistency with current research","A synthetic analysis including: 1. Evolutionary linguistics perspective on language development stages, 2. Cognitive foundations for numerical concepts and abstract representation, 3. Archaeological evidence of early mathematical notation and calculation, 4. Comparative analysis of language structures for quantity expression across cultures, 5. Theoretical models for co-evolution of linguistic and mathematical cognition, 6. Historical examples of how linguistic capabilities enabled mathematical advancement, 7. Integrated evolutionary timeline showing parallel development of language complexity and mathematical abstraction."
Q018,How can we use geometric principles to analyze ancient architecture? Include examples from different civilizations.,Mathematics Teacher + Social Studies Teacher,0.88,0.87,0.91,0.89,"Interdisciplinary query connecting mathematical concepts with historical artifacts. Planning identified geometric principles first (symmetry, proportion, structural stability) followed by architectural applications across civilizations. Tool usage for referencing architectural examples and geometric modeling.",Mathematics Teacher + Social Studies Teacher,fetch_social_studies_resources,"1. Identify key geometric principles relevant to architecture, 2. Explain mathematical concepts of proportion and symmetry, 3. Detail architectural applications across civilizations, 4. Analyze specific structural implementations, 5. Compare geometric approaches between cultures, 6. Connect mathematical principles to cultural significance","1. Verify geometric principles are accurately described, 2. Ensure architectural examples are correctly attributed, 3. Confirm mathematical analyses reflect actual structures, 4. Validate cultural contextualizations are historically accurate","A comprehensive analysis covering: 1. Fundamental geometric principles (golden ratio, symmetry, triangulation, sacred geometry), 2. Egyptian architecture (pyramids, geometric precision, astronomical alignment), 3. Greek architecture (Parthenon proportions, optical corrections, column ratios), 4. Roman innovations (arch mechanics, dome construction principles), 5. Islamic geometric patterns (tessellation, symmetry groups), 6. Mayan/Aztec structural mathematics, 7. Comparison of how different civilizations implemented similar mathematical principles for different cultural/religious purposes."
Q019,Can you explain the scientific principles behind meditation's effects on the brain and calculate the statistical significance of meditation studies?,Science Teacher + Mathematics Teacher + Yoga Teacher,0.85,0.83,0.87,0.86,"Three-part query requiring neurological mechanisms, statistical analysis, and meditation practice understanding. Clear task delineation between neurological effects (Science), statistical methodology (Mathematics), and meditation technique classification (Yoga). Some overlap in neuroscience aspects required careful integration.",Science Teacher + Mathematics Teacher + Yoga Teacher,"fetch_science_materials, CalculatorTools, fetch_yoga_resources","1. Classify major meditation techniques, 2. Explain neurological mechanisms and brain changes, 3. Outline research study methodologies, 4. Define statistical significance in meditation research, 5. Calculate effect sizes for different outcomes, 6. Analyze methodological challenges in research, 7. Integrate technical statistical analysis with practical applications","1. Verify neurological mechanisms are accurately described, 2. Ensure statistical methods are correctly applied, 3. Confirm meditation techniques are properly classified, 4. Validate research limitations are appropriately acknowledged","A comprehensive response including: 1. Classification of meditation techniques (focused attention, open monitoring, loving-kindness), 2. Neurological mechanisms (default mode network changes, prefrontal cortex activation, amygdala regulation), 3. Brain structure/function changes with regular practice (increased gray matter, connectivity patterns), 4. Statistical methodology explanation (p-values, effect sizes, confidence intervals), 5. Calculation of statistical significance and effect sizes from representative studies, 6. Analysis of methodological challenges (control groups, practice standardization), 7. Integration of statistical findings with practical meditation guidance."
Q020,How does climate change affect both biological ecosystems and human societies? Provide a comprehensive analysis with environmental and social impacts.,Biology Teacher + Social Studies Teacher,0.9,0.89,0.93,0.92,Environmental query with both ecological and sociological dimensions. Planning structured response with ecosystem impacts (Biology) and human adaptation/mitigation strategies (Social Studies). Tools used for accessing climate data and impact assessments. Response maintained balance between scientific evidence and social impact analysis.,Biology Teacher + Social Studies Teacher,"fetch_biology_content, fetch_social_studies_resources","1. Explain climate change mechanisms and trends, 2. Analyze biodiversity and ecosystem impacts, 3. Detail habitat transformations and species responses, 4. Assess agricultural and food security effects, 5. Examine human displacement and migration patterns, 6. Analyze economic implications, 7. Outline social vulnerability differentials, 8. Discuss adaptation and mitigation strategies","1. Verify climate science is accurately represented, 2. Ensure ecological impacts are supported by evidence, 3. Confirm social impact assessments reflect research, 4. Validate adaptation strategies are realistic and inclusive","A comprehensive analysis covering: 1. Climate change mechanisms and current trends, 2. Ecological impacts (species range shifts, phenological changes, ecosystem disruption), 3. Biodiversity consequences (extinction risks, invasive species, ecological cascade effects), 4. Agricultural and food security challenges, 5. Human health implications (disease vectors, heat stress, air quality), 6. Economic impacts across sectors and regions, 7. Social vulnerability disparities and environmental justice issues, 8. Community displacement and migration patterns, 9. Adaptation strategies at individual, community, and policy levels."
Q021,Solve the system of equations: 2x + 3y = 7 and 4x - 2y = 10.,Mathematics Teacher,0.99,0.98,1,1,Clear algebraic problem correctly routed to Mathematics Teacher. Solution employed substitution method with step-by-step validation of each algebraic manipulation. Included graphical interpretation of the solution point and verification by substituting back into original equations.,Mathematics Teacher,CalculatorTools,"1. Identify system type (linear, two variables), 2. Select appropriate solution method, 3. Execute algebraic steps systematically, 4. Calculate solution values, 5. Verify solution in both equations, 6. Provide graphical interpretation","1. Verify equation system is correctly processed, 2. Ensure solution method is appropriate, 3. Confirm algebraic manipulations are error-free, 4. Validate solution satisfies both original equations","Step-by-step solution: 1. Identify as a system of two linear equations with two unknowns, 2. Choose substitution method, 3. From second equation: 4x - 2y = 10 ? y = 2x - 5, 4. Substitute into first equation: 2x + 3(2x - 5) = 7, 5. Expand: 2x + 6x - 15 = 7, 6. Simplify: 8x = 22, 7. Solve: x = 2.75, 8. Find y: y = 2(2.75) - 5 = 0.5, 9. Verify: 2(2.75) + 3(0.5) = 7 and 4(2.75) - 2(0.5) = 10, 10. Solution: (2.75, 0.5)"
Q022,What is the difference between mitosis and meiosis in cell division?,Biology Teacher,0.97,0.95,1,0.94,"Fundamental biology concept correctly assigned to Biology Teacher. Response included comparative analysis of chromosome behavior, division phases, genetic outcomes, and biological significance of each process. Visual diagrams referenced through appropriate tool usage.",Biology Teacher,fetch_biology_content,"1. Define both division processes, 2. Compare chromosome number outcomes, 3. Detail phase differences, 4. Explain crossing over and genetic recombination, 5. Contrast biological purposes, 6. Address common misconceptions, 7. Connect to broader genetic principles","1. Verify process descriptions match current understanding, 2. Ensure phase sequences are correctly ordered, 3. Confirm genetic outcomes are accurately described, 4. Validate biological purposes are correctly attributed","A comparative analysis covering: 1. Purpose differences (mitosis for growth/repair, meiosis for sexual reproduction), 2. Outcome differences (mitosis produces 2 identical diploid cells, meiosis produces 4 unique haploid cells), 3. Detailed phase comparison highlighting key differences in prophase, metaphase, anaphase and telophase, 4. Explanation of crossing over and genetic recombination unique to meiosis, 5. Chromosome behavior differences, 6. Evolutionary significance of each process, 7. Common misconceptions clarified, with visual references for each process stage."
